Modelo,Emissões de CO2 (kg)
Modelo_1,0.000799008658440972
Modelo_2,0.0008801894328092579
Modelo_3,0.0007309484799189555
Modelo_4,0.0007323476814773417
Modelo_5,0.0008555199446837362
Modelo_6,0.0008196820181151736
Modelo_7,0.0007076308782617588
Modelo_8,0.0008279889500137376
Modelo_9,0.0008489777995377414
Modelo_10,0.0006880363319603039
